{
    "model": "wzq016/DeepSeek-R1-Distill-Qwen-32B_LR8.0e-7_filtered_sky_code_8k_math_10k_rubric_reasoning_4k8k",
    "model_type": "Generative RM",
    "chat_template": null,
    "alpacaeval-easy": 0.96,
    "alpacaeval-hard": 0.9368421052631579,
    "alpacaeval-length": 0.9263157894736842,
    "donotanswer": 0.7132352941176471,
    "hep-cpp": 0.9817073170731707,
    "hep-go": 0.9573170731707317,
    "hep-java": 0.9512195121951219,
    "hep-js": 0.9390243902439024,
    "hep-python": 0.9695121951219512,
    "hep-rust": 0.9390243902439024,
    "llmbar-adver-GPTInst": 0.7934782608695652,
    "llmbar-adver-GPTOut": 0.723404255319149,
    "llmbar-adver-manual": 0.8695652173913043,
    "llmbar-adver-neighbor": 0.746268656716418,
    "llmbar-natural": 0.93,
    "math-prm": 0.9798657718120806,
    "mt-bench-easy": 1.0,
    "mt-bench-hard": 0.7027027027027027,
    "mt-bench-med": 1.0,
    "refusals-dangerous": 0.91,
    "refusals-offensive": 0.99,
    "xstest-should-refuse": 0.987012987012987,
    "xstest-should-respond": 0.94
}