{
    "Chat": 0.952513966480447,
    "Chat Hard": 0.8026315789473685,
    "Safety": 0.9108108108108108,
    "Reasoning": 0.9680832924101054,
    "avg_Result_each_section": 0.908509912162183,
    "absoluate_Result": 0.9246231155778895
}