{
    "Pairwise Helpfulness": 0.7854375682924406,
    "Pairwise Harmlessness": 0.7679784824462061,
    "BoN Helpfulness": 0.6197249881460408,
    "BoN Harmlessness": 0.6177698270721527,
    "Accuracy Averaged from Four Sections": 0.6977277164892101
}