{
    "chat": 0.7416020671834626,
    "math": 0.9180844360428481,
    "code": 0.7412280701754387,
    "safety": 0.9543965734441925,
    "hard_acc": 0.7670244297806686,
    "normal_acc": 0.8545194004547523,
    "easy_acc": 0.8949395298990355,
    "total_avg_acc": 0.8388277867114855
}