{
    "Pairwise Helpfulness": 0.8017284195887553,
    "Pairwise Harmlessness": 0.8057757644394111,
    "BoN Helpfulness": 0.6505452821242295,
    "BoN Harmlessness": 0.6624925462134764,
    "Accuracy Averaged from Four Sections": 0.7301355030914681
}