{
    "model": "wzq016/qwen2.5_32B_filtered_sky_code_8k_math_10k_rubevi_clsw_4k8k_dstl_Claude_o3_0419_Shuffle",
    "model_type": "Generative RM",
    "chat_template": null,
    "alpacaeval-easy": 0.94,
    "alpacaeval-hard": 0.9578947368421052,
    "alpacaeval-length": 0.9578947368421052,
    "donotanswer": 0.75,
    "hep-cpp": 0.9878048780487805,
    "hep-go": 0.9695121951219512,
    "hep-java": 0.9573170731707317,
    "hep-js": 0.9817073170731707,
    "hep-python": 0.975609756097561,
    "hep-rust": 0.9695121951219512,
    "llmbar-adver-GPTInst": 0.8478260869565217,
    "llmbar-adver-GPTOut": 0.723404255319149,
    "llmbar-adver-manual": 0.8043478260869565,
    "llmbar-adver-neighbor": 0.7761194029850746,
    "llmbar-natural": 0.95,
    "math-prm": 0.930648769574944,
    "mt-bench-easy": 0.9285714285714286,
    "mt-bench-hard": 0.8378378378378378,
    "mt-bench-med": 0.975,
    "refusals-dangerous": 0.93,
    "refusals-offensive": 0.98,
    "xstest-should-refuse": 0.987012987012987,
    "xstest-should-respond": 0.94
}