{
    "Chat": 0.952513966480447,
    "Chat Hard": 0.831140350877193,
    "Safety": 0.918918918918919,
    "Reasoning": 0.9521130026736508,
    "avg_Result_each_section": 0.9136715597375524,
    "absoluate_Result": 0.9293132328308208
}