{
    "chat": 0.764857881136951,
    "math": 0.8055030455786599,
    "code": 0.6608187134502925,
    "safety": 0.9382716049382717,
    "hard_acc": 0.7049334242582853,
    "normal_acc": 0.8050964241257946,
    "easy_acc": 0.8670585854440513,
    "total_avg_acc": 0.7923628112760438
}